{
  "ambientDevDependencies": {
    "angular-protractor": "registry:dt/angular-protractor#1.5.0+20160425143459",
    "jasmine": "registry:dt/jasmine#2.2.0+20160412134438",
    "selenium-webdriver": "registry:dt/selenium-webdriver#2.44.0+20160317120654"
  },
  "ambientDependencies": {
    "es6-shim": "registry:dt/es6-shim#0.31.2+20160317120654",
    "socket.io-client": "github:DefinitelyTyped/DefinitelyTyped/socket.io-client/socket.io-client.d.ts#7de6c3dd94feaeb21f20054b9f30d5dabc5efabd"
  },
  "globalDependencies": {
    "socket.io-client": "registry:dt/socket.io-client#1.4.4+20160317120654"
  }
}
